nr,id,name,year,type,series_1,series_2,series_3,image
1,HRY51,Mazda Autozam,2024,Mainline,HW Dream Garage,New for 2024!,null,https://static.wikia.nocookie.net/hotwheels/images/4/4d/TexasToot.jpg
1,HTC86,Mazda Autozam (2nd Color),2024,Mainline,HW Dream Garage,New for 2024!,null,https://static.wikia.nocookie.net/hotwheels/images/1/1d/AutozamScrum.jpg
2,HTB21,Batmobile,2024,Mainline,Batman,null,null,https://static.wikia.nocookie.net/hotwheels/images/2/2e/HTB21-LOOSE.jpg
2,HTC83,Batmobile (2nd Color),2024,Mainline,Batman,null,null,https://static.wikia.nocookie.net/hotwheels/images/f/f7/PXL_20240406_231949889.jpg
3,HRY45,Monster High Ghoul Mobile,2024,Mainline,HW Screen Time,New for 2024!,null,https://static.wikia.nocookie.net/hotwheels/images/c/c4/GhoulMobile.jpg
3,HTC80,Monster High Ghoul Mobile (2nd Color),2024,Mainline,HW Screen Time,New for 2024!,null,https://static.wikia.nocookie.net/hotwheels/images/0/03/MHGM2.jpeg
4,HTB32,U.S.S. Enterprise NCC-1701,2024,Mainline,HW Screen Time,null,null,https://static.wikia.nocookie.net/hotwheels/images/8/8a/2024-004_HTB32_USS_ENTERPRISE_open-1.jpg
5,HTB42,Hot Wheels High,2024,Mainline,HW Fast Transit,null,null,https://static.wikia.nocookie.net/hotwheels/images/e/e3/HTB42.jpg
5,HTD52,Hot Wheels High (2nd Color),2024,Mainline,HW Fast Transit,null,null,https://static.wikia.nocookie.net/hotwheels/images/c/cc/Mainline_2024_Hot_Wheels_High_Orange_Malaysia_HTD52.jpg
6,HTB49,Custom Otto,2024,Mainline,HW Dream Garage,null,null,https://static.wikia.nocookie.net/hotwheels/images/3/35/HTB49.jpg
6,HTF67,Custom Otto (2nd Color),2024,Mainline,HW Dream Garage,Kroger Exclusive,null,https://static.wikia.nocookie.net/hotwheels/images/9/96/HW-2024-006-HTF67.jpg
6,HTC85,Custom Otto (3rd Color),2024,Mainline,HW Dream Garage,null,null,https://static.wikia.nocookie.net/hotwheels/images/7/7a/20240307075256.jpg
7,HTB56,'15 Dodge Charger SRT,2024,Mainline,HW First Response,null,null,https://static.wikia.nocookie.net/hotwheels/images/5/54/HTB56.jpg
7,HTF73,'15 Dodge Charger SRT (2nd Color),2024,Mainline,Red Edition,Target Exclusive,null,https://static.wikia.nocookie.net/hotwheels/images/5/58/%2715_Dodge_Charger_SRT_Red_Edition.jpg
7,HTC87,'15 Dodge Charger SRT (3rd Color),2024,Mainline,HW First Response,null,null,https://static.wikia.nocookie.net/hotwheels/images/7/76/Mainline_2024_%2715_Dodge_Charger_SRT_Light_Green_Malaysia_HTC87.jpg
8,HTF15,'47 Chevy Fleetline,2024,Mainline,HW First Response,Treasure Hunt,null,https://static.wikia.nocookie.net/hotwheels/images/f/f8/ChevroletFleetline.jpg
9,HTB57,Runway Res-Q,2024,Mainline,HW First Response,null,null,https://static.wikia.nocookie.net/hotwheels/images/e/e2/Runway_Res-Q_HTB57.jpg
9,HTC88,Runway Res-Q (2nd Color),2024,Mainline,HW First Response,null,null,https://static.wikia.nocookie.net/hotwheels/images/9/90/Mainline_2024_Runway_Res-Q_Red_Malaysia_HTC88.jpg
10,HTB64,Mod Speeder,2024,Mainline,HW Modified,null,null,https://static.wikia.nocookie.net/hotwheels/images/0/0e/HTB64_carded.jpg
10,HTD13,Mod Speeder (2nd Color),2024,Mainline,HW Modified,null,null,https://static.wikia.nocookie.net/hotwheels/images/c/cb/Mainline_2024_Mod_Speeder_White_Malaysia_HTD13.jpg
11,HTB67,'76 Greenwood Corvette,2024,Mainline,HW Modified,null,null,https://static.wikia.nocookie.net/hotwheels/images/a/a1/HTB67.jpg
11,HTD67,'76 Greenwood Corvette (2nd Color),2024,Mainline,HW Modified,null,null,https://static.wikia.nocookie.net/hotwheels/images/e/ef/Greenwood_corvette.jpg
12,HTC51,Ford GT40,2024,Mainline,Factory Fresh,null,null,https://static.wikia.nocookie.net/hotwheels/images/d/dc/AutoliteFord.jpg
12,HTF70,Ford GT40 (2nd Color),2024,Mainline,Factory Fresh,Kroger Exclusive,null,https://static.wikia.nocookie.net/hotwheels/images/8/8f/FordGT40Y.jpg
12,HTD34,Ford GT40 (3rd Color),2024,Mainline,Factory Fresh,null,null,https://static.wikia.nocookie.net/hotwheels/images/6/6c/1964FordGT40.jpg
13,HRY49,Czinger 21C,2024,Mainline,HW Green Speed,New for 2024!,null,https://static.wikia.nocookie.net/hotwheels/images/b/bd/Czinger21C.jpg
13,HTF46,Czinger 21C (2nd Color - Zamac),2024,Mainline,HW Green Speed,New for 2024!,Walmart Exclusive,https://static.wikia.nocookie.net/hotwheels/images/f/f7/HTF46.jpg
13,HTC92,Czinger 21C (3rd Color),2024,Mainline,HW Green Speed,New for 2024!,null,https://static.wikia.nocookie.net/hotwheels/images/e/ef/2024Czinger21C.jpg
14,HTB79,Volvo XC40 Recharge,2024,Mainline,HW Green Speed,null,null,https://static.wikia.nocookie.net/hotwheels/images/0/08/HTB79.jpg
14,HTF66,Volvo XC40 Recharge (2nd Color),2024,Mainline,HW Green Speed,Kroger Exclusive,null,https://static.wikia.nocookie.net/hotwheels/images/b/bd/Mainline_2024_Volvo_XC40_Recharge_Red_Malaysia_HTF66.jpg
14,HTC81,Volvo XC40 Recharge (3rd Color),2024,Mainline,HW Green Speed,null,null,https://static.wikia.nocookie.net/hotwheels/images/c/c2/VolvoXC40.jpg
15,HTB80,Tesla Model Y,2024,Mainline,HW Green Speed,null,null,https://static.wikia.nocookie.net/hotwheels/images/e/ea/HTB80.jpg
15,HTC93,Tesla Model Y (2nd Color),2024,Mainline,HW Green Speed,null,null,https://static.wikia.nocookie.net/hotwheels/images/6/61/2023TeslaModelY.jpg
16,HTB96,Skate Grom,2024,Mainline,HW Xtreme Sports,null,null,https://static.wikia.nocookie.net/hotwheels/images/e/e5/HTB96.jpg
17,HTB97,Surf's Up,2024,Mainline,HW Xtreme Sports,null,null,https://static.wikia.nocookie.net/hotwheels/images/c/c6/SurfsUp2024.jpg
18,HTC01,Shark Bite,2024,Mainline,HW Mega Bite,null,null,https://static.wikia.nocookie.net/hotwheels/images/5/5e/SharkBite2024.jpg
18,HTC94,Shark Bite (2nd Color),2024,Mainline,HW Mega Bite,null,null,https://static.wikia.nocookie.net/hotwheels/images/6/6c/Shark_Bite_HW_Mega_Bite_2024_Red.PNG
19,HTC12,Max Steel,2024,Mainline,HW Roadsters,null,null,https://static.wikia.nocookie.net/hotwheels/images/3/39/HTC12_Max_Steel.jpg
19,HTF75,Max Steel (2nd Color),2024,Mainline,Red Edition,Target Exclusive,null,https://static.wikia.nocookie.net/hotwheels/images/d/d9/Max_Steel_Red_Edition.jpg
19,HTD61,Max Steel (3rd Color),2024,Mainline,HW Roadsters,null,null,https://static.wikia.nocookie.net/hotwheels/images/8/85/Mainline_2024_Max_Steel_MF_Dark_Green_Malaysia_HTD61.jpg
20,HTC13,'70 Plymouth Barracuda,2024,Mainline,HW Roadsters,null,null,https://static.wikia.nocookie.net/hotwheels/images/b/bb/HTC13.jpg
20,HTF68,'70 Plymouth Barracuda (2nd Color),2024,Mainline,HW Roadsters,Kroger Exclusive,null,https://static.wikia.nocookie.net/hotwheels/images/8/8b/70_Barracuda._Kroger_Exclusive._2.jpg
20,HTC95,'70 Plymouth Barracuda (3rd Color),2024,Mainline,HW Roadsters,null,null,https://static.wikia.nocookie.net/hotwheels/images/5/50/Mainline_2024_%2770_Plymouth_Barracuda_MF_Red_Malaysia_HTC95.jpg
21,HTC17,Mighty K,2024,Mainline,Compact Kings,null,null,https://static.wikia.nocookie.net/hotwheels/images/4/4c/Surfin%27K.jpg
21,HTF45,Mighty K (2nd Color - Zamac),2024,Mainline,Compact Kings,Walmart Exclusive,null,https://static.wikia.nocookie.net/hotwheels/images/2/22/2024_zamac_mighty_k_carded.jpg
21,HTC96,Mighty K (3rd Color),2024,Mainline,Compact Kings,null,null,https://static.wikia.nocookie.net/hotwheels/images/4/4d/SurfK.jpg
22,HTC18,Fiat 500e,2024,Mainline,Compact Kings,null,null,https://static.wikia.nocookie.net/hotwheels/images/8/89/FiatElectric500.jpg
22,HTF74,Fiat 500e (2nd Color),2024,Mainline,Red Edition,Target Exclusive,null,https://static.wikia.nocookie.net/hotwheels/images/4/45/Fiat_500e_Red_Edition.jpg
22,HTD03,Fiat 500e (3rd Color),2024,Mainline,Compact Kings,null,null,https://static.wikia.nocookie.net/hotwheels/images/2/2b/Fiat_500e_in_Baby_Blue_2024_HotWheels_Mainline..jpg
23,HTC48,Ford Escort RS2000,2024,Mainline,Factory Fresh,null,null,https://static.wikia.nocookie.net/hotwheels/images/7/77/FordEscortRS.jpg
23,HTF30,Ford Escort RS2000 (Super Treasure Hunt),2024,Mainline,Factory Fresh,null,null,https://static.wikia.nocookie.net/hotwheels/images/a/a4/2024_STH_A_CASE_FOERD_ESCORT_RS2000.jpg
24,HTC52,2020 Ram 1500 Rebel,2024,Mainline,Factory Fresh,null,null,https://static.wikia.nocookie.net/hotwheels/images/1/1d/HTC52.jpg
24,HTD63,2020 Ram 1500 Rebel (2nd Color),2024,Mainline,Factory Fresh,null,null,https://static.wikia.nocookie.net/hotwheels/images/3/38/Mainline_2024_2020_Ram_1500_Rebel_Black_Malaysia_HTD63.jpg
25,HTC55,Brick and Motor,2024,Mainline,Experimotors,null,null,https://static.wikia.nocookie.net/hotwheels/images/1/1b/BrickAndMotor2024.jpg
25,HTC97,Brick and Motor (2nd Color),2024,Mainline,Experimotors,null,null,https://static.wikia.nocookie.net/hotwheels/images/1/12/Mainline_2024_Brick_And_Motor_White_Malaysia_HTC97.jpg
26,HRY48,Punk Rod,2024,Mainline,Rod Squad,New for 2024!,null,https://static.wikia.nocookie.net/hotwheels/images/d/d0/PunkRod.jpg
26,HTC98,Punk Rod (2nd Color),2024,Mainline,Rod Squad,New for 2024!,null,https://static.wikia.nocookie.net/hotwheels/images/5/5c/MoodRod.jpg
27,HRY95,HW Braille Racer - Twin Mill,2024,Mainline,HW Celebration Racers,World Braille Day,null,https://static.wikia.nocookie.net/hotwheels/images/3/32/CelebrationMill.jpg
27,HTC99,HW Braille Racer - Twin Mill (2nd Color),2024,Mainline,HW Celebration Racers,World Braille Day,null,https://static.wikia.nocookie.net/hotwheels/images/2/27/GreenMill.jpg
28,HTB65,Lolux,2024,Mainline,HW Modified,null,null,https://static.wikia.nocookie.net/hotwheels/images/a/a8/LOLux2024.jpg
28,HTC90,Lolux (2nd Color),2024,Mainline,HW Modified,null,null,https://static.wikia.nocookie.net/hotwheels/images/9/92/2024LoluxOrange.jpg
29,HTB37,1956 Corvette,2024,Mainline,HW Screen Time,null,null,https://static.wikia.nocookie.net/hotwheels/images/8/89/KenCorvette.jpg
30,HTB43,Road Bandit,2024,Mainline,HW Fast Transit,null,null,https://static.wikia.nocookie.net/hotwheels/images/9/96/Mainline_2024_Road_Bandit_MF_Dark_Blue_Malaysia_HTB43.jpg
30,HTD27,Road Bandit (2nd Color),2024,Mainline,HW Fast Transit,null,null,https://static.wikia.nocookie.net/hotwheels/images/b/b5/Mainline_2024_Road_Bandit_MF_Green_Malaysia_HTD27.jpg
31,HTF16,Ain't Fare,2024,Mainline,HW Fast Transit,Treasure Hunt,null,https://static.wikia.nocookie.net/hotwheels/images/8/80/WorldTourFare.jpg
32,HTB50,'18 Camaro SS,2024,Mainline,HW Dream Garage,null,null,https://static.wikia.nocookie.net/hotwheels/images/7/75/HTB50-LOOSE.jpg
32,HTF31,'18 Camaro SS (Super Treasure Hunt),2024,Mainline,HW Dream Garage,null,null,https://static.wikia.nocookie.net/hotwheels/images/1/15/2024_STH_B_CASE_18_Camaro_SS.jpg
33,HTB58,Humvee,2024,Mainline,HW First Response,null,null,https://static.wikia.nocookie.net/hotwheels/images/5/5d/Humvee_-_2024_-_HW_First_Response_-_HTB58.jpg
33,HTD00,Humvee (2nd Color),2024,Mainline,HW First Response,null,null,https://static.wikia.nocookie.net/hotwheels/images/f/f2/Mainline_2024_Humvee_Navy_Bue_Malaysia_HTD00.jpg
34,HTB59,Nissan Patrol Custom,2024,Mainline,HW First Response,null,null,https://static.wikia.nocookie.net/hotwheels/images/a/af/RescuePatrol.jpg
34,HTC89,Nissan Patrol Custom (2nd Color),2024,Mainline,HW First Response,null,null,https://static.wikia.nocookie.net/hotwheels/images/5/59/MountainPatrol.jpg
35,HRY53,Drift'n Break,2024,Mainline,HW Modified,New for 2024!,null,https://static.wikia.nocookie.net/hotwheels/images/3/35/Drift%27nBrake.jpg
35,HTD15,Drift'n Break (2nd Color),2024,Mainline,HW Modified,New for 2024!,null,https://static.wikia.nocookie.net/hotwheels/images/1/16/Driftin%27Brake.jpg
36,HTB81,Audi RS e-tron GT,2024,Mainline,HW Green Speed,null,null,https://static.wikia.nocookie.net/hotwheels/images/d/db/2024AudiRSe-tronGT.jpg
36,HTD38,Audi RS e-tron GT (2nd Color),2024,Mainline,HW Green Speed,null,null,https://static.wikia.nocookie.net/hotwheels/images/3/31/TacticalRSe-tronGT.jpg
37,HTB82,Ford F-150 Lightning Custom,2024,Mainline,HW Green Speed,null,null,https://static.wikia.nocookie.net/hotwheels/images/5/53/FordLightningCustom.jpg
37,HTD01,Ford F-150 Lightning Custom (2nd Color),2024,Mainline,HW Green Speed,null,null,https://static.wikia.nocookie.net/hotwheels/images/f/f0/2022FordLightning.jpg
38,HTB89,'87 Dodge D100,2024,Mainline,HW Reverse Rake,null,null,https://static.wikia.nocookie.net/hotwheels/images/9/96/2024DodgeD100.jpg
38,HTF62,'87 Dodge D100 (2nd Color),2024,Mainline,HW Reverse Rake,Family Dollar/Dollar Tree Exclusive,null,https://static.wikia.nocookie.net/hotwheels/images/5/57/87_Dodge_D100_2nd_Color_Dollar_Tree_Exclusive_2024.jpg
38,HTD17,'87 Dodge D100 (3rd Color),2024,Mainline,HW Reverse Rake,null,null,https://static.wikia.nocookie.net/hotwheels/images/1/19/Imagen_de_WhatsApp_2024-05-14_a_las_12.25.07_716f4e13.jpg
39,HTC02,Croc Rod,2024,Mainline,HW Mega Bite,null,null,https://static.wikia.nocookie.net/hotwheels/images/0/07/Croc_Rod_HCT02.jpg
40,HTC14,Corvette C6 Convertible,2024,Mainline,HW Roadsters,null,null,https://static.wikia.nocookie.net/hotwheels/images/9/9f/2009CorvetteConvertible.jpg
40,HTD20,Corvette C6 Convertible (2nd Color),2024,Mainline,HW Roadsters,null,null,https://static.wikia.nocookie.net/hotwheels/images/e/ed/CorvetteConvertible.jpg
41,HRY46,Proton Saga,2024,Mainline,Compact Kings,New for 2024!,null,https://static.wikia.nocookie.net/hotwheels/images/3/31/1985ProtonSaga.jpg
42,HTC28,Volkswagen T2 Pickup,2024,Mainline,HW Hot Trucks,null,null,https://static.wikia.nocookie.net/hotwheels/images/2/2a/VWPickup.jpg
42,HTD04,Volkswagen T2 Pickup (2nd Color),2024,Mainline,HW Hot Trucks,null,null,https://static.wikia.nocookie.net/hotwheels/images/2/2c/2024-042_HTD04_Grey_o-1.jpg
43,HTC29,'19 Ford Ranger Raptor,2024,Mainline,HW Hot Trucks,null,null,https://static.wikia.nocookie.net/hotwheels/images/d/d7/HKSRaptor.jpg
43,HTD05,'19 Ford Ranger Raptor (2nd Color),2024,Mainline,HW Hot Trucks,null,null,https://static.wikia.nocookie.net/hotwheels/images/2/2f/HTD05-LOOSE.jpg
44,HTC40,'82 Nissan Skyline RS (KDR30),2024,Mainline,HW J-Imports,null,null,https://static.wikia.nocookie.net/hotwheels/images/2/2d/NissanSkylineRS.jpg
44,HTF76,'82 Nissan Skyline RS (KDR30) (2nd Color),2024,Mainline,Red Edition,Target Exclusive,null,https://static.wikia.nocookie.net/hotwheels/images/2/2a/Red_Edition_2024_Nissan_Skyline_RS_%28KDR30%29_Black_Malaysia_HTF76.jpg
44,HTD06,'82 Nissan Skyline RS (KDR30) (3rd Color),2024,Mainline,HW J-Imports,null,null,https://static.wikia.nocookie.net/hotwheels/images/4/43/1982NissanR30.jpg
45,HTC41,Honda Civic Si,2024,Mainline,HW J-Imports,null,null,https://static.wikia.nocookie.net/hotwheels/images/a/ad/2000HondaCivic.jpg
45,HTD07,Honda Civic Si (2nd Color),2024,Mainline,HW J-Imports,null,null,https://static.wikia.nocookie.net/hotwheels/images/9/95/2000HondaCivicCoupe.jpg
46,HTC49,Porsche 911 Carrera RS 2.7,2024,Mainline,Factory Fresh,null,null,https://static.wikia.nocookie.net/hotwheels/images/3/39/1973Porsche911.jpg
46,HTD08,Porsche 911 Carrera RS 2.7 (2nd Color),2024,Mainline,Factory Fresh,null,null,https://static.wikia.nocookie.net/hotwheels/images/1/14/1973PorscheRS.jpg
47,HTC50,'72 Stingray Convertible,2024,Mainline,Factory Fresh,null,null,https://static.wikia.nocookie.net/hotwheels/images/4/42/StingrayConvertible.jpg
47,HTD09,'72 Stingray Convertible (2nd Color),2024,Mainline,Factory Fresh,null,null,https://static.wikia.nocookie.net/hotwheels/images/b/b7/Mainline_2024_%2772_Stingray_Covertible_Red_Malaysia_HTD09.jpg
48,HTC56,Loopster,2024,Mainline,Experimotors,null,null,https://static.wikia.nocookie.net/hotwheels/images/b/b8/2024-048_HTC56_Loopster_White_H-Dwn_SC_ref-1cC.jpg
48,HTF14,Loopster (2nd Color),2024,Mainline,Experimotors,null,null,https://www.crazy4diecasts.in/wp-content/uploads/2024/10/WhatsApp-Image-2024-10-11-at-23.18.13.jpeg
49,HTC61,Honda CB750 Caf√©,2024,Mainline,Rod Squad,null,null,https://static.wikia.nocookie.net/hotwheels/images/8/8a/Honda_CB750_Cafe_-_2024_-_Rod_Squad_-_HTC61.jpg
50,HTC62,Limited Grip,2024,Mainline,Rod Squad,null,null,https://static.wikia.nocookie.net/hotwheels/images/c/c4/HTC62_01.jpg
50,HTD50,Limited Grip (2nd Color),2024,Mainline,Rod Squad,null,null,https://static.wikia.nocookie.net/hotwheels/images/e/e9/Limited_grip_M_case.jpg
51,HTC63,El Segundo Coupe,2024,Mainline,HW Turbo,null,null,https://static.wikia.nocookie.net/hotwheels/images/0/0e/TurboCoupe.jpg
51,HTD10,El Segundo Coupe (2nd Color),2024,Mainline,HW Turbo,null,null,https://static.wikia.nocookie.net/hotwheels/images/5/5d/El_Segundo_Coupe_in_Dark_Blue_2024_HotWheels_Mainline..jpg
52,HRY96,Knight Draggin',2024,Mainline,HW Celebration Racers,Year of the Dragon,null,https://static.wikia.nocookie.net/hotwheels/images/3/31/Knight_Draggin%27_-_2024_-_HW_Celebration_Racers_-_HRY96.jpg
53,HRY97,1978 Dodge Li'l Red Express Truck,2024,Mainline,HW Celebration Racers,Valentine's Day,null,https://static.wikia.nocookie.net/hotwheels/images/2/27/Dodge_Li%27l_Red_Express_Truck_1978_-_2024_-_HW_Celebration_Racers_-_HRY97.jpg
54,HRY54,Batman & Robin Batmobile,2024,Mainline,Batman,New for 2024!,null,https://static.wikia.nocookie.net/hotwheels/images/7/77/GeorgeClooneyBatmobile.jpg
54,HTD51,Batman & Robin Batmobile (2nd Color),2024,Mainline,Batman,New for 2024!,null,https://static.wikia.nocookie.net/hotwheels/images/6/66/Mainline_2024_Batman_%26_Robin_Batmobile_Midnight_Blue_Malaysia_HTD51.jpg
55,HRY50,HW Ultimate T-Rex Transporter,2024,Mainline,HW Screen Time,New for 2024!,null,https://static.wikia.nocookie.net/hotwheels/images/2/29/T-RexTransporter.jpg
55,HTC84,HW Ultimate T-Rex Transporter (2nd Color),2024,Mainline,HW Screen Time,New for 2024!,null,https://static.wikia.nocookie.net/hotwheels/images/d/d4/Mainline_2024_HW_Ultimate_T-Rex_Transporter_Red_Malaysia_HTC84.jpg
56,HTB44,West Coast Flyer,2024,Mainline,HW Fast Transit,New in Mainline,null,https://static.wikia.nocookie.net/hotwheels/images/b/b2/HWBullet.jpg
56,HTD11,West Coast Flyer (2nd Color),2024,Mainline,HW Fast Transit,New in Mainline,null,https://static.wikia.nocookie.net/hotwheels/images/1/1a/Mainline_2024_West_Coast_Flyer_White_Malaysia_HTD11.jpg
57,HTB60,'07 Chevy Tahoe,2024,Mainline,HW First Response,null,null,https://static.wikia.nocookie.net/hotwheels/images/2/22/Chevy_Tahoe_07_-_2024_-_HW_First_Response_-_HTB60.jpg
57,HTD28,'07 Chevy Tahoe (2nd Color),2024,Mainline,HW First Response,null,null,https://static.wikia.nocookie.net/hotwheels/images/0/01/Mainline_2024_%2707_Chevy_Tahoe_White_Malaysia_HTD28.jpg
58,HTB61,Baja Bison T5,2024,Mainline,HW First Response,null,null,https://static.wikia.nocookie.net/hotwheels/images/f/fc/FirstResponseBison.jpg
58,HTD29,Baja Bison T5 (2nd Color),2024,Mainline,HW First Response,null,null,https://static.wikia.nocookie.net/hotwheels/images/3/3f/Mainline_2024_Baja_Bison_T5_Red_Malaysia_HTD29.jpg
59,HTB66,Mad Mike Drift Attack,2024,Mainline,HW Modified,null,null,https://static.wikia.nocookie.net/hotwheels/images/d/dc/GrayscaleDriftAttack.jpg
59,HTC91,Mad Mike Drift Attack (2nd Color),2024,Mainline,HW Modified,null,null,https://static.wikia.nocookie.net/hotwheels/images/7/70/Mainline_2024_Mad_Mike_Drift_Attack_Satin_Blue_Malaysia_HTC91.jpg
60,HTB33,Back to the Future Time Machine - Hover Mode,2024,Mainline,HW Screen Time,null,null,https://static.wikia.nocookie.net/hotwheels/images/b/b0/TimeMachineHoverMode.jpg
61,HTB71,Mod Rod,2024,Mainline,HW Art Cars,null,null,https://static.wikia.nocookie.net/hotwheels/images/7/77/Mod_Rod_-_2024_-_HW_Art_Cars_-_HTB71.jpg
61,HTF64,Mod Rod (2nd Color),2024,Mainline,HW Art Cars,Family Dollar/Dollar Tree Exclusive,null,https://static.wikia.nocookie.net/hotwheels/images/a/a1/Mod_rod_dollar_tree.jpg
61,HTD31,Mod Rod (3rd Color),2024,Mainline,HW Art Cars,null,null,https://static.wikia.nocookie.net/hotwheels/images/5/5f/2024-061_HTD31_o-1.jpg
62,HTB83,GMC Hummer EV,2024,Mainline,HW Green Speed,null,null,https://static.wikia.nocookie.net/hotwheels/images/8/8c/HTB83_01.jpg
62,HTD16,GMC Hummer EV (2nd Color),2024,Mainline,HW Green Speed,null,null,https://static.wikia.nocookie.net/hotwheels/images/3/38/Gmc_hummer_ev.jpg
63,HTB90,'55 Chevy Bel Air Gasser,2024,Mainline,HW Reverse Rake,null,null,https://static.wikia.nocookie.net/hotwheels/images/7/74/TheCollector.jpg
63,HTD02,'55 Chevy Bel Air Gasser (2nd Color),2024,Mainline,HW Reverse Rake,null,null,https://static.wikia.nocookie.net/hotwheels/images/e/e6/CollectorGasser.jpg
63,HTF51,'55 Chevy Bel Air Gasser (3rd Color - Zamac),2024,Mainline,HW Reverse Rake,Walmart Exclusive,null,https://static.wikia.nocookie.net/hotwheels/images/6/6d/2024_zamac_chevy_gasser_loose.jpg
64,HTB98,Wheelie Chair,2024,Mainline,HW Xtreme Sports,null,null,https://static.wikia.nocookie.net/hotwheels/images/d/dc/Wheelchair2024.jpg
64,HTD18,Wheelie Chair (2nd Color),2024,Mainline,HW Xtreme Sports,null,null,https://static.wikia.nocookie.net/hotwheels/images/5/5f/2024_64_250_Wheelie_Chair_2nd_color.jpg
65,HTB99,Surfin' School Bus,2024,Mainline,HW Xtreme Sports,null,null,https://static.wikia.nocookie.net/hotwheels/images/5/5c/SurfinSchoolBus2024.jpg
65,HTD58,Surfin' School Bus (2nd Color),2024,Mainline,HW Xtreme Sports,null,null,https://static.wikia.nocookie.net/hotwheels/images/1/14/HTD58_-_Surfin%27_School_Bus.jpg
66,HTC03,Hotweiler,2024,Mainline,HW Mega Bite,null,null,https://static.wikia.nocookie.net/hotwheels/images/4/4a/Hotweiler_-_2024_-_HW_Mega_Bite_-_HTC03.jpg
66,HTD19,Hotweiler (2nd Color),2024,Mainline,HW Mega Bite,null,null,https://static.wikia.nocookie.net/hotwheels/images/f/f1/Mainline_2024_Hotweiler_Red_Malaysia_HTD19.jpg
67,HTC15,BMW 507,2024,Mainline,HW Roadsters,null,null,https://static.wikia.nocookie.net/hotwheels/images/2/23/BMW507Racer.jpg
67,HTF32,BMW 507 (Super Treasure Hunt),2024,Mainline,HW Roadsters,null,null,https://static.wikia.nocookie.net/hotwheels/images/7/7e/2024_STH_C_CASE_BMW_507.jpg
68,HTC30,'57 Jeep FC,2024,Mainline,HW Hot Trucks,null,null,https://static.wikia.nocookie.net/hotwheels/images/b/b4/JeepFCCustom.jpg
68,HTF48,'57 Jeep FC (2nd Color - Zamac),2024,Mainline,HW Hot Trucks,Walmart Exclusive,null,https://static.wikia.nocookie.net/hotwheels/images/0/02/57_Jeep_FC_%28Perspective%29.jpg
68,HTD21,'57 Jeep FC (3rd Color),2024,Mainline,HW Hot Trucks,null,null,https://static.wikia.nocookie.net/hotwheels/images/e/e4/Imagen_de_WhatsApp_2024-05-11_a_las_15.11.21_9072132f.jpg
69,HTC42,'15 Mazda MX-5 Miata,2024,Mainline,HW J-Imports,null,null,https://static.wikia.nocookie.net/hotwheels/images/c/c4/2015MazdaMX-5.jpg
69,HTD22,'15 Mazda MX-5 Miata (2nd Color),2024,Mainline,HW J-Imports,null,null,https://static.wikia.nocookie.net/hotwheels/images/b/b5/HTD22-LOOSE.jpg
70,HTB68,McLaren Solus GT,2024,Mainline,HW Modified,null,null,https://static.wikia.nocookie.net/hotwheels/images/8/81/McLarenSolus.jpg
70,HTF47,McLaren Solus GT (2nd Color - Zamac),2024,Mainline,HW Modified,Walmart Exclusive,null,https://static.wikia.nocookie.net/hotwheels/images/e/e8/McLaren_Solus_1.jpg
70,HTD14,McLaren Solus GT (3rd Color),2024,Mainline,HW Modified,null,null,https://static.wikia.nocookie.net/hotwheels/images/2/2f/Mclaren_solus_gt_orange.jpg
71,HRY52,Vespa 90 SS Super Sprint (1966),2024,Mainline,Factory Fresh,New for 2024!,null,https://static.wikia.nocookie.net/hotwheels/images/a/a5/Vespa.jpg
71,HTD23,Vespa 90 SS Super Sprint (1966) (2nd Color),2024,Mainline,Factory Fresh,New for 2024!,null,https://static.wikia.nocookie.net/hotwheels/images/d/d1/Vespa_90_SS_Super_Sprint_%281966%29_Blue_2024.jpg
72,HTF17,Tooligan,2024,Mainline,Experimotors,Treasure Hunt,null,https://static.wikia.nocookie.net/hotwheels/images/a/a3/HWTooligan.jpg
73,HRY56,Mo-Stash,2024,Mainline,Experimotors,New for 2024!,null,https://static.wikia.nocookie.net/hotwheels/images/f/f6/Mo-Stash.jpg
73,HTD64,Mo-Stash (2nd Color),2024,Mainline,Experimotors,New for 2024!,null,https://static.wikia.nocookie.net/hotwheels/images/7/7d/Mo_Stash_silver_2024.jpg
74,HTC74,Group C Fantasy,2024,Mainline,HW Race Day,null,null,https://static.wikia.nocookie.net/hotwheels/images/e/e2/GroupCFantasyRaceCar.jpg
74,HTD25,Group C Fantasy (2nd Color),2024,Mainline,HW Race Day,null,null,https://static.wikia.nocookie.net/hotwheels/images/0/01/GroupCFantasyRacer.jpg
75,HTC75,Rockin' Railer,2024,Mainline,HW Race Day,null,null,https://static.wikia.nocookie.net/hotwheels/images/1/15/HTC75_01.jpg
75,HTD26,Rockin' Railer (2nd Color),2024,Mainline,HW Race Day,null,null,https://static.wikia.nocookie.net/hotwheels/images/1/12/Mainline_2024_Rockin%27_Railer_Dark_Red_Malaysia_HTD26.jpg
76,HRY98,RRRoadster,2024,Mainline,HW Celebration Racers,International Women's Day,null,https://static.wikia.nocookie.net/hotwheels/images/a/a1/RRRoadster_-_2024_-_HW_Celebration_Racers_-_HRY98.jpg
77,HRY99,Rodger Dodger,2024,Mainline,HW Celebration Racers,Leap Year,null,https://static.wikia.nocookie.net/hotwheels/images/c/ca/Rodger_Dodger_-_2024_-_HW_Celebration_Racers_-_HRY99.jpg
78,HTB34,Ice Charger,2024,Mainline,HW Screen Time,null,null,https://static.wikia.nocookie.net/hotwheels/images/5/56/HTB34-LOOSE.jpg
79,HTB51,Glory Chaser,2024,Mainline,HW Dream Garage,null,null,https://static.wikia.nocookie.net/hotwheels/images/3/36/Mainline_2024_Glory_Chaser_Burnt_Orange_Malaysia_HTB51.jpg
79,HTD12,Glory Chaser (2nd Color),2024,Mainline,HW Dream Garage,null,null,https://static.wikia.nocookie.net/hotwheels/images/c/c6/Glory_chaser_grey_2024.jpg
80,HTB62,Mazda RX-7,2024,Mainline,HW First Response,null,null,https://static.wikia.nocookie.net/hotwheels/images/b/b4/HTB62-LOOSE.jpg
80,HTF61,Mazda RX-7 (2nd Color),2024,Mainline,HW First Response,Family Dollar/Dollar Tree Exclusive,null,https://static.wikia.nocookie.net/hotwheels/images/6/6c/Mazda_RX7_Dollar_Tree.jpg
80,HTD54,Mazda RX-7 (3rd Color),2024,Mainline,HW First Response,null,null,https://static.wikia.nocookie.net/hotwheels/images/6/6c/RescueRX-7.jpg
81,HTB69,Custom '68 Camaro,2024,Mainline,HW Modified,null,null,https://static.wikia.nocookie.net/hotwheels/images/e/ed/PunkCamaro.jpg
81,HTD30,Custom '68 Camaro (2nd Color),2024,Mainline,HW Modified,null,null,https://static.wikia.nocookie.net/hotwheels/images/e/ef/Mainline_2024_Custom_%2768_Camaro_White_Malaysia_HTD30.jpg
82,HTB70,'89 Mercedes-Benz 560 SEC AMG,2024,Mainline,HW Modified,null,null,https://static.wikia.nocookie.net/hotwheels/images/d/d3/HTB70-LOOSE.jpg
82,HTF33,'89 Mercedes-Benz 560 SEC AMG (Super Treasure Hunt),2024,Mainline,HW Modified,null,null,https://static.wikia.nocookie.net/hotwheels/images/7/7c/2024_STH_D_CASE_benz_560.jpg
83,HTB72,'67 Chevy C10,2024,Mainline,HW Art Cars,null,null,https://static.wikia.nocookie.net/hotwheels/images/4/45/Mainline_2024_%2767_Chevy_C10_Tan-Brown_Malaysia_HTB72.jpg
83,HTF77,'67 Chevy C10 (2nd Color),2024,Mainline,Red Edition,Target Exclusive,null,https://static.wikia.nocookie.net/hotwheels/images/5/58/2024ChevyC10RedEdition.jpg
83,HTD72,'67 Chevy C10 (3rd Color),2024,Mainline,HW Art Cars,null,null,https://static.wikia.nocookie.net/hotwheels/images/a/a1/HTD72.jpg
84,HTB74,'67 Camaro,2024,Mainline,HW Art Cars,New in Mainline,null,https://static.wikia.nocookie.net/hotwheels/images/6/6a/ArtCarsCamaro.jpg
85,HTB84,DeLorean Alpha5,2024,Mainline,HW Green Speed,New in Mainline,null,https://static.wikia.nocookie.net/hotwheels/images/9/9d/2024DeLorean.jpg
85,HTF78,DeLorean Alpha5 (2nd Color),2024,Mainline,Red Edition,Target Exclusive,null,https://static.wikia.nocookie.net/hotwheels/images/9/97/2024DeloreanAlpha5RedEdition.jpg
85,HTD32,DeLorean Alpha5 (3rd Color),2024,Mainline,HW Green Speed,New in Mainline,null,https://static.wikia.nocookie.net/hotwheels/images/4/47/HTD32.jpg
86,HTB63,'10 Camaro SS,2024,Mainline,HW First Response,null,null,https://static.wikia.nocookie.net/hotwheels/images/1/1e/10_camaro_ss_2024.png
86,HTD88,'10 Camaro SS (2nd Color),2024,Mainline,HW First Response,null,null,https://static.wikia.nocookie.net/hotwheels/images/1/1c/Mainline_2024_%2710_Camaro_SS_White_Malaysia_HTD88.jpg
87,HTC04,Piranha Terror,2024,Mainline,HW Mega Bite,null,null,https://static.wikia.nocookie.net/hotwheels/images/6/6d/Piranha_Terror_-_2024_-_HW_Mega_Bite_-_HTC04.jpg
87,HTD60,Piranha Terror (2nd Color),2024,Mainline,HW Mega Bite,null,null,https://static.wikia.nocookie.net/hotwheels/images/5/5e/2024-087_HTD60_PINK_o1.jpg
88,HTC07,Street Wiener,2024,Mainline,Hot Wheels Let's Race,null,null,https://static.wikia.nocookie.net/hotwheels/images/6/61/Street_Wiener_-_2024_-_Hot_Wheels_Let_s_Race_-_HTC07.jpg
89,HTC08,GT-Scorcher,2024,Mainline,Hot Wheels Let's Race,null,null,https://static.wikia.nocookie.net/hotwheels/images/b/bd/GT-Scorcher_-_2024_-_Hoy_Wheels_Let_s_Race_-_HTC08.jpg
90,HTC19,'73 Honda Civic Custom,2024,Mainline,Compact Kings,null,null,https://static.wikia.nocookie.net/hotwheels/images/6/68/1973HondaCivic.jpg
90,HTD62,'73 Honda Civic Custom (2nd Color),2024,Mainline,Compact Kings,null,null,https://static.wikia.nocookie.net/hotwheels/images/2/2d/1973CivicCustom.jpg
91,HTC31,'73 Jeep J10,2024,Mainline,HW Hot Trucks,null,null,https://static.wikia.nocookie.net/hotwheels/images/7/79/Mainline_2024_%2773_Jeep_J10_Dark_Blue_Malaysia_HTC31.jpg
91,HTF00,'73 Jeep J10 (2nd Color),2024,Mainline,HW Hot Trucks,null,null,https://static.wikia.nocookie.net/hotwheels/images/8/8c/73_Jeep_J10_2024.JPG
92,HTC32,Land Rover Series II,2024,Mainline,HW Hot Trucks,null,null,https://static.wikia.nocookie.net/hotwheels/images/7/73/Mainline_2024_Land_Rover_Series_II_Light_Gray_Malaysia_HTC32.jpg
92,HTD41,Land Rover Series II (2nd Color),2024,Mainline,HW Hot Trucks,null,null,https://static.wikia.nocookie.net/hotwheels/images/d/d6/HTD41.jpg
92,HTF80,Land Rover Series II (3rd Color),2024,Mainline,Red Edition,Target Exclusive,null,https://static.wikia.nocookie.net/hotwheels/images/3/39/2024_%288-12%29_%28-92%29_Land_Rover_Series_II_%28Red_Edition%29_%28Red%29.jpg
93,HTC37,Grass Chomper,2024,Mainline,HW Ride-Ons,null,null,https://static.wikia.nocookie.net/hotwheels/images/3/31/Grass_Chomper_-_2024_-_HW_Ride-Ons_-_HTC37.jpg
94,HTC38,Boom Car,2024,Mainline,HW Ride-Ons,null,null,https://static.wikia.nocookie.net/hotwheels/images/8/89/BoomCar.jpg
94,HTD95,Boom Car (2nd Color),2024,Mainline,HW Ride-Ons,null,null,https://www.escalaminiaturas.com.br/media/catalog/product/cache/3/image/9df78eab33525d08d6e5fb8d27136e95/I/M/IMG_3380.jpg
95,HTC43,'92 Honda Civic EG,2024,Mainline,HW J-Imports,New in Mainline,null,https://static.wikia.nocookie.net/hotwheels/images/e/e0/HTC43.jpg
95,HTF50,'92 Honda Civic EG (2nd Color - Zamac),2024,Mainline,HW J-Imports,Walmart Exclusive,New in Mainline,https://static.wikia.nocookie.net/hotwheels/images/9/98/2024_%28-95%29_%2792_Honda_Civic_EG_%28Zamac%29.jpg
96,HTC44,Nissan Skyline GT-R (BCNR33),2024,Mainline,HW J-Imports,null,null,https://static.wikia.nocookie.net/hotwheels/images/c/cc/HTC44-LOOSE.jpg
96,HTD96,Nissan Skyline GT-R (BCNR33) (2nd Color),2024,Mainline,HW J-Imports,null,null,https://static.wikia.nocookie.net/hotwheels/images/e/ed/GojiraR33.jpg
97,HXB33,'23 Ram 1500,2024,Mainline,Factory Fresh,New for 2024!,null,https://static.wikia.nocookie.net/hotwheels/images/6/60/%2723Ram1500.jpg
97,HTC82,'23 Ram 1500 (2nd Color),2024,Mainline,Factory Fresh,New for 2024!,null,https://static.wikia.nocookie.net/hotwheels/images/5/51/RamTRX.jpg
98,HTC53,Alfa Romeo GTV6 3.0,2024,Mainline,Factory Fresh,null,null,https://static.wikia.nocookie.net/hotwheels/images/4/41/AlfaRomeoAlfetta.jpg
98,HTF81,Alfa Romeo GTV6 3.0 (2nd Color),2024,Mainline,Red Edition,Target Exclusive,null,https://static.wikia.nocookie.net/hotwheels/images/0/02/2024_%289-12%29_%28-98%29_Alfa_Romero_GTV6_3.0_%28Red_Edition%29_%28Black%29.jpg
98,HTF13,Alfa Romeo GTV6 3.0 (3rd Color),2024,Mainline,Factory Fresh,null,null,https://static.wikia.nocookie.net/hotwheels/images/c/cd/AlfettaGTV6.jpg
99,HTC78,Pagani Zonda R,2024,Mainline,HW Race Day,null,null,https://static.wikia.nocookie.net/hotwheels/images/8/81/RacingZonda.jpg
99,HTD82,Pagani Zonda R (2nd Color),2024,Mainline,HW Race Day,null,null,https://static.wikia.nocookie.net/hotwheels/images/b/bc/Mainline_2024_Pagani_Zonda_R_Yellow_Malaysia_HTD82.jpg
99,HTF71,Pagani Zonda R (3rd Color),2024,Mainline,HW Race Day,Kroger Exclusive,null,https://static.wikia.nocookie.net/hotwheels/images/e/ed/20241128_083412.jpg
100,HTF18,Custom '53 Chevy,2024,Mainline,Rod Squad,Treasure Hunt,null,https://static.wikia.nocookie.net/hotwheels/images/b/b7/HTF18-LOOSE.jpg
101,HTC76,HW-4-Trac,2024,Mainline,HW Race Day,null,null,https://static.wikia.nocookie.net/hotwheels/images/9/93/4Trac2024Red.jpg
101,HTD81,HW-4-Trac (2nd Color),2024,Mainline,HW Race Day,null,null,https://static.wikia.nocookie.net/hotwheels/images/d/da/2024_%28-101%29_HW-4-Trac_%28Dk_Green%29.jpg
102,HRY55,'87 Audi quattro,2024,Mainline,HW Turbo,New for 2024!,null,https://static.wikia.nocookie.net/hotwheels/images/f/f2/%2787Audiquattro.jpg
102,HTD24,'87 Audi quattro (2nd Color),2024,Mainline,HW Turbo,New for 2024!,null,https://static.wikia.nocookie.net/hotwheels/images/5/51/87_Audi_quattro_Black.jpg
103,HRY59,Flippin Fast,2024,Mainline,HW Celebration Racers,New for 2024!,World Autism Awareness Day,https://static.wikia.nocookie.net/hotwheels/images/9/9c/Flippin%27Fast.jpg
103,HTD44,Flippin Fast (2nd Color),2024,Mainline,HW Celebration Racers,New for 2024!,World Autism Awareness Day,https://static.wikia.nocookie.net/hotwheels/images/b/b9/FlippinFastGreen.jpg
104,HTB13,Brickin' Delivery,2024,Mainline,HW Metro,null,null,https://static.wikia.nocookie.net/hotwheels/images/7/71/Bricking_delivery_2024.png
105,HTB14,Surf Duty,2024,Mainline,HW Metro,null,null,https://static.wikia.nocookie.net/hotwheels/images/0/06/Mainline_2024_Surf_Duty_Blue_Malaysia_HTB14.jpg
105,HTD36,Surf Duty (2nd Color),2024,Mainline,HW Metro,null,null,https://static.wikia.nocookie.net/hotwheels/images/3/30/Redsurfduty.jpg
106,HTF19,Batman Forever Batmobile,2024,Mainline,Batman,Treasure Hunt,null,https://static.wikia.nocookie.net/hotwheels/images/f/f6/2024_E_Case_TH.jpg
107,HTB36,Aston Martin 1963 DB5,2024,Mainline,HW Screen Time,null,null,https://static.wikia.nocookie.net/hotwheels/images/f/f1/HTB36-LOOSE.jpg
108,HTB76,'70 Dodge Charger R/T,2024,Mainline,HW Art Cars,null,null,https://static.wikia.nocookie.net/hotwheels/images/b/bf/Dodge_Charger_RT_1970_%281f%29_-_HotWheels.jpg
108,HTD47,'70 Dodge Charger R/T (2nd Color),2024,Mainline,HW Art Cars,null,null,https://static.wikia.nocookie.net/hotwheels/images/5/55/Mainline_2024_%2770_Dodge_Charger_R-T_Pink_Malaysia_HTD47.jpg
109,HTB52,Corvette Stingray,2024,Mainline,HW Dream Garage,null,null,https://static.wikia.nocookie.net/hotwheels/images/3/36/Mainline_2024_Corvette_Stingray_Red_Malaysia_HTB52.jpg
109,HTD53,Corvette Stingray (2nd Color),2024,Mainline,HW Dream Garage,null,null,https://static.wikia.nocookie.net/hotwheels/images/0/0f/Mainline_2024_Corvette_Stingray_Dark_Blue_Malaysia_HTD53.jpg
110,HRY63,Silverado EV RST,2024,Mainline,HW Green Speed,New for 2024!,null,https://static.wikia.nocookie.net/hotwheels/images/f/f3/SilveradoEVRST.jpg
110,HTD57,Silverado EV RST (2nd Color),2024,Mainline,HW Green Speed,New for 2024!,null,https://static.wikia.nocookie.net/hotwheels/images/4/43/ChevySilveradoEV.jpg
111,HRY61,Pontiac Aztek Custom,2024,Mainline,HW Modified,New for 2024!,null,https://static.wikia.nocookie.net/hotwheels/images/5/55/PontiacAztekCustom.jpg
111,HTD37,Pontiac Aztek Custom (2nd Color),2024,Mainline,HW Modified,New for 2024!,null,https://static.wikia.nocookie.net/hotwheels/images/2/22/HTD37.jpg
112,HTB73,Mustang Funny Car,2024,Mainline,HW Art Cars,null,null,https://static.wikia.nocookie.net/hotwheels/images/9/98/Mainline_2024_Mustang_Funny_Car_White_Malaysia_HTB73.jpg
112,HTF49,Mustang Funny Car (2nd Color - Zamac),2024,Mainline,HW Art Cars,Walmart Exclusive,null,https://static.wikia.nocookie.net/hotwheels/images/f/f3/2024-112_HTF49_Zamak_Mustang_Funny_Car_o-1.jpg
112,HTD55,Mustang Funny Car (3rd Color),2024,Mainline,HW Art Cars,null,null,https://static.wikia.nocookie.net/hotwheels/images/9/93/Mustang_funny_car_%28Variant%29.jpg
113,HTB91,Layin' Lowrider,2024,Mainline,HW Reverse Rake,null,null,https://static.wikia.nocookie.net/hotwheels/images/0/0a/2024LayinLowriderBlack.jpg
113,HTD39,Layin' Lowrider (2nd Color),2024,Mainline,HW Reverse Rake,null,null,https://static.wikia.nocookie.net/hotwheels/images/c/c4/Layin%27Goldrider.jpg
113,HTF79,Layin' Lowrider (3rd Color),2024,Mainline,Red Edition,Target Exclusive,null,https://static.wikia.nocookie.net/hotwheels/images/1/1a/Red_Edition_2024_Layin%27_Lowrider_White_Malaysia_HTF79.jpg
114,HTC05,T-Rextroyer,2024,Mainline,HW Mega Bite,null,null,https://static.wikia.nocookie.net/hotwheels/images/d/d7/Trextroyer_2024.png
114,HTD40,T-Rextroyer (2nd Color),2024,Mainline,HW Mega Bite,null,null,https://static.wikia.nocookie.net/hotwheels/images/b/bf/Mainline_2024_T-Rextroyer_Cornflower_Blue_Malaysia_HTD40.jpg
115,HTC09,Baja Truck,2024,Mainline,Hot Wheels Let's Race,null,null,https://static.wikia.nocookie.net/hotwheels/images/9/98/Mainline_2024_Baja_Truck_Dark_Blue_Malaysia_HTC09.jpg
116,HTC16,'15 Jaguar F-Type Project 7,2024,Mainline,HW Roadsters,null,null,https://static.wikia.nocookie.net/hotwheels/images/e/e7/%2715_Jaguar_F-Type_Project_7_HW_Roadsters_2024_White.jpg
116,HTF63,'15 Jaguar F-Type Project 7 (2nd Color),2024,Mainline,HW Roadsters,Family Dollar/Dollar Tree Exclusive,null,https://static.wikia.nocookie.net/hotwheels/images/4/49/15_Jaguar_F-Type_Project_7_%282nd_Color%29_Dollar_Tree_Exclusive.jpg
116,HTD74,'15 Jaguar F-Type Project 7 (3rd Color),2024,Mainline,HW Roadsters,null,null,https://static.wikia.nocookie.net/hotwheels/images/a/ae/%2715_JAGUAR_-TYPE_PROJECT_7.jpg
117,HTC20,'60s Fiat 500D Modificado,2024,Mainline,Compact Kings,New in Mainline,null,https://static.wikia.nocookie.net/hotwheels/images/2/23/1966Fiat500D.jpg
117,HTF34,'60s Fiat 500D Modificado (Super Treasure Hunt),2024,Mainline,Compact Kings,New in Mainline,null,https://static.wikia.nocookie.net/hotwheels/images/f/fb/2024_STH_E_CASE_FIAT_500.jpg
118,HTC33,Custom '72 Chevy LUV,2024,Mainline,HW Hot Trucks,null,null,https://static.wikia.nocookie.net/hotwheels/images/5/57/HTC33-LOOSE.jpg
118,HTF72,Custom '72 Chevy LUV (2nd Color),2024,Mainline,HW Hot Trucks,Kroger Exclusive,null,https://static.wikia.nocookie.net/hotwheels/images/b/b0/2024LuvKroger.jpg
118,HTD75,Custom '72 Chevy LUV (3rd Color),2024,Mainline,HW Hot Trucks,null,null,https://static.wikia.nocookie.net/hotwheels/images/c/c4/HTD75.jpg
119,HTC39,Tanknator,2024,Mainline,HW Ride-Ons,null,null,https://static.wikia.nocookie.net/hotwheels/images/7/74/Tanknator2024.jpeg
119,HTD42,Tanknator (2nd Color),2024,Mainline,HW Ride-Ons,null,null,https://static.wikia.nocookie.net/hotwheels/images/e/ee/2nd_2024_Tanknator.jpeg
120,HTC47,'91 Mazda MX-5 Miata,2024,Mainline,HW J-Imports,null,null,https://static.wikia.nocookie.net/hotwheels/images/a/ac/1991MazdaMX-5Miata.jpg
120,HTD80,'91 Mazda MX-5 Miata (2nd Color),2024,Mainline,HW J-Imports,null,null,https://static.wikia.nocookie.net/hotwheels/images/5/50/MazdaMiata2024Yellow.jpg
121,HTB75,'57 Chevy,2024,Mainline,HW Art Cars,null,null,https://static.wikia.nocookie.net/hotwheels/images/d/d8/Mainline_2024_%2757_Chevy_Black_Malaysia_HTB75.jpg
121,HTD56,'57 Chevy (2nd Color),2024,Mainline,HW Art Cars,null,null,https://static.wikia.nocookie.net/hotwheels/images/2/21/Mainline_2024_%2757_Chevy_MF_Mint_Green_Malaysia_HTD56.jpg
122,HTC77,"Shelby Cobra ""Daytona"" Coupe",2024,Mainline,HW Race Day,null,null,https://static.wikia.nocookie.net/hotwheels/images/5/50/GulfCoupe.jpg
122,HTF10,"Shelby Cobra ""Daytona"" Coupe (2nd Color)",2024,Mainline,HW Race Day,null,null,https://static.wikia.nocookie.net/hotwheels/images/e/ee/Shelby_Cobra_Daytona._2024_HW_Race_Day_5of10_%28blue%2C_Gulf%29.jpg
122,HTF89,"Shelby Cobra ""Daytona"" Coupe (3rd Color)",2024,Mainline,HW Race Day,Walgreens Exclusive,null,https://static.wikia.nocookie.net/hotwheels/images/3/3b/Daytona_Coupe_white.jpg
123,HRY60,Cadillac Project GTP Hypercar,2024,Mainline,HW Turbo,New for 2024!,null,https://static.wikia.nocookie.net/hotwheels/images/6/66/CadillacGTP.jpg
123,HTD35,Cadillac Project GTP Hypercar (2nd Color),2024,Mainline,HW Turbo,New for 2024!,null,https://static.wikia.nocookie.net/hotwheels/images/5/56/CadillacGTPRacer.jpg
124,HTB00,Supercharged,2024,Mainline,HW Celebration Racers,Earth Day,null,https://static.wikia.nocookie.net/hotwheels/images/0/01/Supercharged_Earth_Day.jpg
125,HTB15,5 Alarm,2024,Mainline,HW Metro,null,null,https://static.wikia.nocookie.net/hotwheels/images/8/85/HTB15-LOOSE.jpg
125,HTD45,5 Alarm (2nd Color),2024,Mainline,HW Metro,null,null,https://static.wikia.nocookie.net/hotwheels/images/2/20/Mainline_2024_5_Alarm_Blue_Malaysia_HTD45.jpg
126,HTB45,Trouble Decker,2024,Mainline,HW Fast Transit,null,null,https://static.wikia.nocookie.net/hotwheels/images/2/2c/PenangDecker.jpg
126,HTD46,Trouble Decker (2nd Color),2024,Mainline,HW Fast Transit,null,null,https://static.wikia.nocookie.net/hotwheels/images/5/55/PenangHighDecker.jpg
127,HRY80,Jaguar Mk1,2024,Mainline,HW Race Day,New for 2024!,null,https://static.wikia.nocookie.net/hotwheels/images/f/f1/JaguarMk1.jpg
128,HRY90,Ford Performance Supervan 4,2024,Mainline,HW Green Speed,New for 2024!,null,https://static.wikia.nocookie.net/hotwheels/images/d/dd/FordSuperVan4.jpg
128,HTD33,Ford Performance Supervan 4 (2nd Color),2024,Mainline,HW Green Speed,New for 2024!,null,https://static.wikia.nocookie.net/hotwheels/images/9/93/FordSuperVan4Racer.jpg
129,HTF20,Ford Mustang Mach-E 1400,2024,Mainline,HW Green Speed,Treasure Hunt,null,https://static.wikia.nocookie.net/hotwheels/images/4/43/F_Case_2024_TH.jpg
130,HTC00,HW450F,2024,Mainline,HW Xtreme Sports,null,null,https://static.wikia.nocookie.net/hotwheels/images/a/ad/HW450FSports.jpg
130,HTD59,HW450F (2nd Color),2024,Mainline,HW Xtreme Sports,null,null,https://static.wikia.nocookie.net/hotwheels/images/4/4d/Thumbnail_PXL_20241116_194535651.MP.jpg
131,HRY65,Terra-Tracktyl,2024,Mainline,HW Track Champs,New for 2024!,null,https://static.wikia.nocookie.net/hotwheels/images/2/2f/Terra-Tracktyl.jpg
131,HTD48,Terra-Tracktyl (2nd Color),2024,Mainline,HW Track Champs,New for 2024!,null,https://static.wikia.nocookie.net/hotwheels/images/b/b0/HRY65Blue.png
132,HTC34,'71 El Camino,2024,Mainline,HW Hot Trucks,null,null,https://static.wikia.nocookie.net/hotwheels/images/a/a7/71_El_Camino_Violet_2024.jpg
132,HTF35,'71 El Camino (Super Treasure Hunt),2024,Mainline,HW Hot Trucks,null,null,https://static.wikia.nocookie.net/hotwheels/images/1/1b/2024_STH_E_CASE_EL_CAMINO.jpg
133,HTC54,'94 Audi Avant RS2,2024,Mainline,Factory Fresh,null,null,https://static.wikia.nocookie.net/hotwheels/images/b/bd/HTC54-LOOSE.jpg
133,HTF52,'94 Audi Avant RS2 (2nd Color - Zamac),2024,Mainline,Factory Fresh,Walmart Exclusive,null,https://static.wikia.nocookie.net/hotwheels/images/f/f1/AudiZAMACfromWALMARTmoutainview.jpg
133,HTD49,'94 Audi Avant RS2 (3rd Color),2024,Mainline,Factory Fresh,null,null,https://static.wikia.nocookie.net/hotwheels/images/b/b4/Mainline_2024_%2794_Audi_Avant_RS2_MF_Teal_Malaysia_HTD49.jpg
134,HRY64,Porsche 911 Carrera,2024,Mainline,Experimotors,New for 2024!,null,https://static.wikia.nocookie.net/hotwheels/images/b/ba/PorscheCarreraKeychain.jpg
134,HTD78,Porsche 911 Carrera (2nd Color),2024,Mainline,Experimotors,New for 2024!,null,https://static.wikia.nocookie.net/hotwheels/images/4/4d/24Carrera01.jpg
135,HTB16,Heavy Hitcher,2024,Mainline,HW Metro,null,null,https://static.wikia.nocookie.net/hotwheels/images/0/00/TWUHitcher.jpg
135,HTD68,Heavy Hitcher (2nd Color),2024,Mainline,HW Metro,null,null,https://static.wikia.nocookie.net/hotwheels/images/e/ec/Mainline_2024_Heavy_Hitcher_Gray_Malaysia_HTD68.jpg
136,HTB38,Minecart,2024,Mainline,HW Screen Time,null,null,https://static.wikia.nocookie.net/hotwheels/images/0/07/HTB38-LOOSE.jpg
137,HRY68,Rapid Pulse,2024,Mainline,HW First Response,New for 2024!,null,https://static.wikia.nocookie.net/hotwheels/images/6/69/RapidPulse.jpg
137,HTD71,Rapid Pulse (2nd Color),2024,Mainline,HW First Response,New for 2024!,null,https://static.wikia.nocookie.net/hotwheels/images/5/52/Rapid_Pulse-Red_Color_Vari.jpg
138,HRY67,BMW M3 Wagon,2024,Mainline,HW Modified,New for 2024!,null,https://static.wikia.nocookie.net/hotwheels/images/1/19/BMWM3Wagon.jpg
138,HTD89,BMW M3 Wagon (2nd Color),2024,Mainline,HW Modified,New for 2024!,null,https://static.wikia.nocookie.net/hotwheels/images/8/8b/HTD89.jpg
139,HTC36,'52 Chevy,2024,Mainline,HW Hot Trucks,null,null,https://static.wikia.nocookie.net/hotwheels/images/a/a2/1952ChevyTruck.jpg
140,HTC10,Dragon Blaster,2024,Mainline,Hot Wheels Let's Race,null,null,https://static.wikia.nocookie.net/hotwheels/images/8/86/DragonBlasterRacer.jpg
141,HTF21,Draggin' Wagon,2024,Mainline,HW Ride-Ons,Treasure Hunt,null,https://static.wikia.nocookie.net/hotwheels/images/e/e5/HTF21-LOOSE.jpg
142,HTC57,'68 Dodge Dart,2024,Mainline,Muscle Mania,null,null,https://static.wikia.nocookie.net/hotwheels/images/9/9f/HTC57-LOOSE.jpg
142,HTD65,'68 Dodge Dart (2nd Color),2024,Mainline,Muscle Mania,null,null,https://static.wikia.nocookie.net/hotwheels/images/c/cb/HTD65.jpg
143,HRY69,Hirohata Merc,2024,Mainline,Rod Squad,New for 2024!,null,https://static.wikia.nocookie.net/hotwheels/images/e/eb/HirohataMerc.jpg
143,HTD66,Hirohata Merc (2nd Color),2024,Mainline,Rod Squad,New for 2024!,null,https://static.wikia.nocookie.net/hotwheels/images/8/88/HirohataMercury.jpg
144,HTC64,Audi 90 quattro,2024,Mainline,HW Turbo,null,null,https://static.wikia.nocookie.net/hotwheels/images/f/ff/HTC64-LOOSE.jpg
144,HTF36,Audi 90 quattro (Super Treasure Hunt),2024,Mainline,HW Turbo,null,null,https://static.wikia.nocookie.net/hotwheels/images/a/ab/AUDI_90_QUATTRO.jpg
145,HTC79,Mazda 787B,2024,Mainline,HW Race Day,null,null,https://static.wikia.nocookie.net/hotwheels/images/1/14/Charge787B.jpg
145,HTF39,Mazda 787B (Super Treasure Hunt),2024,Mainline,HW Race Day,null,null,https://static.wikia.nocookie.net/hotwheels/images/b/b5/Charge787BSTH.jpg
146,HRY72,Birthday Burner,2024,Mainline,HW Celebration Racers,New for 2024!,Happy Birthday!,https://static.wikia.nocookie.net/hotwheels/images/6/62/BirthdayBurner.jpg
146,HTD83,Birthday Burner (2nd Color),2024,Mainline,HW Celebration Racers,New for 2024!,Happy Birthday!,https://static.wikia.nocookie.net/hotwheels/images/c/cb/Mainline_2024_Birthday_Burner_Pink_Malaysia_HTD83.jpg
147,HTB17,Speed Dozer,2024,Mainline,HW Metro,null,null,https://static.wikia.nocookie.net/hotwheels/images/e/e8/Speed-Dozer-147-Green.jpeg
147,HTF03,Speed Dozer (2nd Color),2024,Mainline,HW Metro,null,null,https://www.crazy4diecasts.in/wp-content/uploads/2024/10/WhatsApp-Image-2024-10-11-at-23.17.07.jpeg
148,HTB18,Propper Chopper,2024,Mainline,HW Metro,null,null,https://static.wikia.nocookie.net/hotwheels/images/6/68/HTB18-LOOSE.jpg
148,HTD69,Propper Chopper (2nd Color),2024,Mainline,HW Metro,null,null,https://static.wikia.nocookie.net/hotwheels/images/1/1c/2024_%28-148%29_Propper_Chopper_%28Black%29.jpg
149,HTB22,Batman: Arkham Knight Batmobile,2024,Mainline,Batman,null,null,https://static.wikia.nocookie.net/hotwheels/images/d/d1/HTB22-LOOSE.jpg
149,HTD85,Batman: Arkham Knight Batmobile (2nd Color),2024,Mainline,Batman,null,null,https://static.wikia.nocookie.net/hotwheels/images/6/67/2024_%28-149%29_Batman_Arkham_Knight_Batmobile_%28Blue%29.jpg
150,HTB46,Donut Drifter,2024,Mainline,Fast Foodie,null,null,https://static.wikia.nocookie.net/hotwheels/images/1/1a/Donut_drifter_green.jpg
150,HTD70,Donut Drifter (2nd Color),2024,Mainline,Fast Foodie,null,null,https://static.wikia.nocookie.net/hotwheels/images/0/0a/HotWheelsDonutDrifter.JPG
151,HTF22,Purple Passion,2024,Mainline,HW Art Cars,Treasure Hunt,null,https://static.wikia.nocookie.net/hotwheels/images/5/5e/ArtPassion.jpg
152,HTB77,King Kuda,2024,Mainline,HW Art Cars,null,null,https://static.wikia.nocookie.net/hotwheels/images/b/be/Mainline_2024_King_Kuda_White_Malaysia_HTB77.jpg
152,HTD73,King Kuda (2nd Color),2024,Mainline,HW Art Cars,null,null,https://static.wikia.nocookie.net/hotwheels/images/a/a3/HTD73.jpg
153,HTB92,Volvo P1800 Gasser,2024,Mainline,HW Reverse Rake,null,null,https://static.wikia.nocookie.net/hotwheels/images/8/8f/HTB92-LOOSE.jpg
153,HTF37,Volvo P1800 Gasser (Super Treasure Hunt),2024,Mainline,HW Reverse Rake,null,null,https://static.wikia.nocookie.net/hotwheels/images/7/76/SuperLicketySplitGasser.jpg
154,HTC06,Rollin' Solo,2024,Mainline,HW Track Champs,null,null,https://static.wikia.nocookie.net/hotwheels/images/8/8c/RollinSoloTrackChampsLoose.jpg
154,HTD93,Rollin' Solo (2nd Color),2024,Mainline,HW Track Champs,null,null,https://static.wikia.nocookie.net/hotwheels/images/e/ef/2024_Rollin_Solo_2.jpg
155,HTC35,'63 Studebaker Champ,2024,Mainline,HW Hot Trucks,null,null,https://static.wikia.nocookie.net/hotwheels/images/0/05/%2763Studebaker.jpg
155,HTD76,'63 Studebaker Champ (2nd Color),2024,Mainline,HW Hot Trucks,null,null,https://static.wikia.nocookie.net/hotwheels/images/0/0d/HTD76.jpg
156,HRY71,Mazda RX-3,2024,Mainline,HW J-Imports,New for 2024!,null,https://static.wikia.nocookie.net/hotwheels/images/e/e4/%27ToonedMazdaRX-3.jpg
156,HTD77,Mazda RX-3 (2nd Color),2024,Mainline,HW J-Imports,New for 2024!,null,https://static.wikia.nocookie.net/hotwheels/images/f/f3/Mainline_2024_Mazda_RX-3_White_Malaysia_HTD77.jpg
157,HTC58,'64 Chevy Chevelle SS,2024,Mainline,Muscle Mania,null,null,https://static.wikia.nocookie.net/hotwheels/images/3/30/Mainline_2024_%2764_Chevy_Chevelle_SS_Red_Malaysia_HTC58.jpg
157,HTD79,'64 Chevy Chevelle SS (2nd Color),2024,Mainline,Muscle Mania,null,null,https://static.wikia.nocookie.net/hotwheels/images/f/f6/HTD79.jpg
158,HRY73,Porsche 904 Carrera GTS,2024,Mainline,HW Exotics,New for 2024!,null,https://static.wikia.nocookie.net/hotwheels/images/c/c2/Porsche904.jpg
158,HTD94,Porsche 904 Carrera GTS (2nd Color),2024,Mainline,HW Exotics,New for 2024!,null,https://static.wikia.nocookie.net/hotwheels/images/3/3d/HTD94.jpg
159,HTF23,Honda Super Cub Custom,2024,Mainline,HW Metro,Treasure Hunt,null,https://static.wikia.nocookie.net/hotwheels/images/b/bd/HondaMetroBike.jpg
160,HTB19,Total Disposal,2024,Mainline,HW Metro,null,null,https://static.wikia.nocookie.net/hotwheels/images/b/b3/HW-2024-160-HTB19.jpg
160,HTD84,Total Disposal (2nd Color),2024,Mainline,HW Metro,null,null,https://static.wikia.nocookie.net/hotwheels/images/f/ff/Mainline_2024_Total_Disposal_Orange_Malaysia_HTD84.jpg
161,HTB40,'70 Dodge Charger,2024,Mainline,Tooned,null,null,https://static.wikia.nocookie.net/hotwheels/images/4/4f/161_2024_SC_%2770_Dodge_Charger.jpg
161,HTD86,'70 Dodge Charger (2nd Color),2024,Mainline,Tooned,null,null,https://static.wikia.nocookie.net/hotwheels/images/4/4c/Mainline_2024_%2770_Dodge_Charger_MF_Gray_Malaysia_HTD86.jpg
162,HTB47,Dessert Drifter,2024,Mainline,Fast Foodie,null,null,https://static.wikia.nocookie.net/hotwheels/images/9/9f/20240703_130555.png
162,HTD87,Dessert Drifter (2nd Color),2024,Mainline,Fast Foodie,null,null,https://static.wikia.nocookie.net/hotwheels/images/f/fd/2024_Dessert_Drifter.jpg
163,HTB78,Speed Bump,2024,Mainline,HW Art Cars,New in Mainline,null,https://static.wikia.nocookie.net/hotwheels/images/f/fa/Thumbnail_PXL_20240804_202328934.MP.jpg
163,HTD90,Speed Bump (2nd Color),2024,Mainline,HW Art Cars,New in Mainline,null,https://static.wikia.nocookie.net/hotwheels/images/a/ad/2024_%28-163%29_Speed_Bump_%28Blue%29.jpg
164,HRY82,Mailed It!,2024,Mainline,HW Art Cars,New for 2024!,null,https://static.wikia.nocookie.net/hotwheels/images/b/b9/MailedIt.jpg
164,HTD91,Mailed It! (2nd Color),2024,Mainline,HW Art Cars,New for 2024!,null,https://static.wikia.nocookie.net/hotwheels/images/b/b6/MailedIt2024WhiteRight.jpg
165,HTB85,McLaren P1,2024,Mainline,Quarter Mile Heroes,null,null,https://static.wikia.nocookie.net/hotwheels/images/a/aa/2013McLarenP1.jpg
165,HTF65,McLaren P1 (2nd Color),2024,Mainline,Quarter Mile Heroes,Kroger Exclusive,null,https://static.wikia.nocookie.net/hotwheels/images/3/3d/20241128_082652.jpg
165,HTD92,McLaren P1 (3rd Color),2024,Mainline,Quarter Mile Heroes,null,null,https://static.wikia.nocookie.net/hotwheels/images/f/f3/Mainline_2024_McLaren_P1_Burgundy_Malaysia_HTD92.jpg
166,HRY75,Later Crater,2024,Mainline,HW Reverse Rake,New for 2024!,null,https://static.wikia.nocookie.net/hotwheels/images/e/ee/LaterCrater.jpg
167,HTC11,Duck N' Roll,2024,Mainline,Hot Wheels Let's Race,null,null,https://static.wikia.nocookie.net/hotwheels/images/f/fa/Duck%27nRoll.jpg
168,HRY79,Rink Racer,2024,Mainline,HW Ride-Ons,New for 2024!,null,https://static.wikia.nocookie.net/hotwheels/images/a/ae/RinkRacer.jpg
168,HTF11,Rink Racer (2nd Color),2024,Mainline,HW Ride-Ons,New for 2024!,null,https://static.wikia.nocookie.net/hotwheels/images/c/c6/Mainline_2024_Rink_Racer_MF_Green_Malaysia_HTF11.jpg
169,HTC45,Mitsubishi Pajero Evolution,2024,Mainline,HW J-Imports,null,null,https://static.wikia.nocookie.net/hotwheels/images/e/ef/HTC45.jpg
169,HTF38,Mitsubishi Pajero Evolution (Super Treasure Hunt),2024,Mainline,HW J-Imports,null,null,https://static.wikia.nocookie.net/hotwheels/images/8/82/PAJERO.jpg
170,HTC46,'95 Mazda RX-7,2024,Mainline,HW J-Imports,null,null,https://static.wikia.nocookie.net/hotwheels/images/c/c5/MuRX-7.jpg
170,HTD97,'95 Mazda RX-7 (2nd Color),2024,Mainline,HW J-Imports,null,null,https://static.wikia.nocookie.net/hotwheels/images/b/b3/1995MazdaRX-7Mu.jpg
170,HTF69,'95 Mazda RX-7 (3rd Color),2024,Mainline,HW J-Imports,Kroger Exclusive,null,https://storage.googleapis.com/stateless-www-jordanstreasurec/2024/10/b78a31f3-20241016_124452-scaled.jpg
171,HTC59,'69 Mercury Cougar Eliminator,2024,Mainline,Muscle Mania,null,null,https://static.wikia.nocookie.net/hotwheels/images/d/d2/1969_Mercury_Cougar.jpeg
171,HTD98,'69 Mercury Cougar Eliminator (2nd Color),2024,Mainline,Muscle Mania,null,null,https://static.wikia.nocookie.net/hotwheels/images/a/ac/2024_%28-171%29_%2769_Mercury_Cougar_Eliminator_%28Green%29.jpg
172,HRY70,Porsche 911 Rallye,2024,Mainline,HW Turbo,New for 2024!,null,https://static.wikia.nocookie.net/hotwheels/images/3/39/Porsche911Dakar.jpg
173,HTB01,24/Seven,2024,Mainline,HW Celebration Racers,International Friendship Day,null,https://static.wikia.nocookie.net/hotwheels/images/e/ef/HTB01.jpg
174,HTB03,'96 Porsche Carrera,2024,Mainline,HW: The '90s,null,null,https://static.wikia.nocookie.net/hotwheels/images/0/00/1996PorscheCarrera.jpg
174,HTF01,'96 Porsche Carrera (2nd Color),2024,Mainline,HW: The '90s,null,null,https://static.wikia.nocookie.net/hotwheels/images/5/5b/96_Porsche_Carrera_white.png
175,HTB04,'90 Acura NSX,2024,Mainline,HW: The '90s,null,null,https://static.wikia.nocookie.net/hotwheels/images/3/3c/1990AcuraNSX.jpg
175,HTF53,'90 Acura NSX (2nd Color - Zamac),2024,Mainline,HW: The '90s,Walmart Exclusive,null,https://static.wikia.nocookie.net/hotwheels/images/b/b2/2024_%28-010%29_Acura_NSX_%28-%2790%29_%28Zamac%29.jpg
175,HTF02,'90 Acura NSX (3rd Color),2024,Mainline,HW: The '90s,null,null,https://wheelcollectors.com/cdn/shop/files/20241008_171948_1800x1800.jpg
176,HTB20,Dragtor,2024,Mainline,HW Metro,null,null,https://static.wikia.nocookie.net/hotwheels/images/e/e0/Mainline_2024_Dragtor_Pink_Malaysia_HTB20.jpg
176,HTF04,Dragtor (2nd Color),2024,Mainline,HW Metro,null,null,https://static.wikia.nocookie.net/hotwheels/images/1/1e/2024_%28-176%29_Dragtor_%28Maroon%29.jpg
177,HTB23,Batman: The Animated Series Batmobile,2024,Mainline,Batman,null,null,https://static.wikia.nocookie.net/hotwheels/images/d/de/20240804_101630_25%25.jpg
178,HTB24,Mercedes-Benz Unimog 1300L,2024,Mainline,HW Dirt,null,null,https://static.wikia.nocookie.net/hotwheels/images/d/d9/Mainline_2024_Mercedes-Benz_Unimog_1300L_MF_Green_Malaysia_HTB24.jpg
178,HTF54,Mercedes-Benz Unimog 1300L (2nd Color - Zamac),2024,Mainline,HW Dirt,Walmart Exclusive,null,https://static.wikia.nocookie.net/hotwheels/images/d/d0/HTF54_UNIMOG_ZAMAK_o4.jpg
178,HTF05,Mercedes-Benz Unimog 1300L (3rd Color),2024,Mainline,HW Dirt,null,null,https://static.wikia.nocookie.net/hotwheels/images/b/b5/Mercedes-Benz_Unimog_1300L_Orange_Lot_P_2024.jpg
179,HTB25,Rally Speciale,2024,Mainline,HW Dirt,null,null,https://static.wikia.nocookie.net/hotwheels/images/c/c8/DirtSpeciale.jpg
179,HTF06,Rally Speciale (2nd Color),2024,Mainline,HW Dirt,null,null,https://static.wikia.nocookie.net/hotwheels/images/d/da/2024_Rally_Speciale.jpg
180,HTB39,Grumobile,2024,Mainline,HW Screen Time,null,null,https://static.wikia.nocookie.net/hotwheels/images/9/98/HTB39.png
181,HTB53,Shelby Cobra 427 S/C,2024,Mainline,HW Rolling Metal,null,null,https://static.wikia.nocookie.net/hotwheels/images/4/4f/ShelbyCobra.jpg
182,HTB93,Chrysler Pacifica,2024,Mainline,HW Vans,null,null,https://static.wikia.nocookie.net/hotwheels/images/9/99/HTB93.jpg
183,HTF24,Bone Shaker,2024,Mainline,HW Track Champs,Treasure Hunt,null,https://static.wikia.nocookie.net/hotwheels/images/0/04/2024-183_HTF24_Bone_Shaker_TH_open-2-5.jpg
184,HTC21,2020 Koenigsegg Jesko,2024,Mainline,HW Exotics,null,null,https://static.wikia.nocookie.net/hotwheels/images/2/26/2020KoenigseggJesko.jpg
184,HTF07,2020 Koenigsegg Jesko (2nd Color),2024,Mainline,HW Exotics,null,null,https://static.wikia.nocookie.net/hotwheels/images/9/99/2024KoenigseggJesko.jpg
185,HTC22,Bugatti Bolide,2024,Mainline,HW Exotics,null,null,https://static.wikia.nocookie.net/hotwheels/images/9/97/2024BugattiBolide.jpg
185,HTF08,Bugatti Bolide (2nd Color),2024,Mainline,HW Exotics,null,null,https://static.wikia.nocookie.net/hotwheels/images/0/0f/BugattiBolideConcept.jpg
186,HTB35,VW Bug,2024,Mainline,HW Screen Time,null,null,https://static.wikia.nocookie.net/hotwheels/images/a/ab/Bumblebee.jpg
186,HTF09,VW Bug (2nd Color),2024,Mainline,HW Screen Time,null,null,https://static.wikia.nocookie.net/hotwheels/images/2/2f/GoldenBee.jpg
187,HRY84,Kowloon'd Hypervan,2024,Mainline,HW Metro,New for 2024!,null,https://static.wikia.nocookie.net/hotwheels/images/a/a0/Kowloon%27dHypervan.jpg
188,HRY76,'67 Lotus Type 49,2024,Mainline,HW Race Day,New for 2024!,null,https://static.wikia.nocookie.net/hotwheels/images/f/f8/Lotus49.jpg
188,HTD99,'67 Lotus Type 49 (2nd Color),2024,Mainline,HW Race Day,New for 2024!,null,https://static.wikia.nocookie.net/hotwheels/images/6/6a/Lotus49A.jpg
189,HRY74,Track Dwagon,2024,Mainline,HW Track Champs,New for 2024!,null,https://static.wikia.nocookie.net/hotwheels/images/a/a0/TrackDwagon.jpg
189,HTF12,Track Dwagon (2nd Color),2024,Mainline,HW Track Champs,New for 2024!,null,https://static.wikia.nocookie.net/hotwheels/images/6/64/TrackDwagonBlack2024.jpg
190,HRY62,1966 Triumph Tiger 100,2024,Mainline,Factory Fresh,New for 2024!,null,https://static.wikia.nocookie.net/hotwheels/images/b/b8/TriumphT100.jpg
190,HTD43,1966 Triumph Tiger 100 (2nd Color),2024,Mainline,Factory Fresh,New for 2024!,null,https://static.wikia.nocookie.net/hotwheels/images/e/e4/TriumphTiger2024Blue.jpg
191,HTC65,Nissan Skyline 2000GT-R LBWK,2024,Mainline,Then and Now,null,null,https://static.wikia.nocookie.net/hotwheels/images/0/00/Mainline_2024_Nissan_Skyline_2000GT-R_LBWK_Light_Gray_Malaysia_HTC65.jpg
192,HTC66,'84 Mustang SVO,2024,Mainline,Then and Now,null,null,https://static.wikia.nocookie.net/hotwheels/images/c/ce/Mainline_2024_%2784_Mustang_SVO_Red_Malaysia_HTC66.jpg
193,HRY66,Formula E Gen3,2024,Mainline,HW Race Day,New for 2024!,null,https://static.wikia.nocookie.net/hotwheels/images/0/09/FormulaEGen3.jpg
194,HTB05,'92 Ford Mustang,2024,Mainline,HW: The '90s,null,null,https://static.wikia.nocookie.net/hotwheels/images/2/2b/HTB05loose.jpg
195,HTB06,'92 BMW M3,2024,Mainline,HW: The '90s,null,null,https://static.wikia.nocookie.net/hotwheels/images/2/26/1992BMWM3.jpg
195,HTF82,'92 BMW M3 (2nd Color),2024,Mainline,Red Edition,Target Exclusive,null,https://static.wikia.nocookie.net/hotwheels/images/f/ff/2024_%2810-12%29_%28-195%29_%2792_BMW_M3_%28Red%29_%281%29.jpg
196,HRY78,'22 Ford Maverick Custom,2024,Mainline,HW Hot Trucks,New for 2024!,null,https://static.wikia.nocookie.net/hotwheels/images/d/d7/FordMaverickPickup.jpg
197,HTB26,Ducati DesertX,2024,Mainline,HW Dirt,null,null,https://static.wikia.nocookie.net/hotwheels/images/f/fa/2024DucatiDesertX.jpg
198,HTB27,'20 Toyota Tacoma,2024,Mainline,HW Dirt,null,null,https://static.wikia.nocookie.net/hotwheels/images/f/f3/2020ToyotaTacoma.jpg
198,HTF83,'20 Toyota Tacoma (2nd Color),2024,Mainline,Red Edition,Target Exclusive,null,https://static.wikia.nocookie.net/hotwheels/images/5/53/2024_%2811-12%29_%28-198%29_%2720_Toyota_Tacoma_%28Black%29.jpg
199,HTB41,Porsche 911 Turbo 3.6 (964),2024,Mainline,Tooned,null,null,https://static.wikia.nocookie.net/hotwheels/images/7/79/1993PorscheTurbo.jpg
199,HTF84,Porsche 911 Turbo 3.6 (964) (2nd Color),2024,Mainline,Red Edition,Target Exclusive,null,https://static.wikia.nocookie.net/hotwheels/images/e/e2/2024_%2812-12%29_%28-199%29_Porsche_911_Turbo_3.6_%28964%29_%28White%29.jpg
200,HTF25,Car-de-Asada,2024,Mainline,Fast Foodie,Treasure Hunt,null,https://static.wikia.nocookie.net/hotwheels/images/e/e0/CarDeAsada.jpg
201,HTB88,'16 Bugatti Chiron,2024,Mainline,Quarter Mile Heroes,null,null,https://static.wikia.nocookie.net/hotwheels/images/7/7b/2016BugattiChiron.jpg
202,HTB94,Volkswagen ID. Buzz,2024,Mainline,HW Vans,null,null,https://static.wikia.nocookie.net/hotwheels/images/0/00/VWIDBuzz.jpg
203,HRY77,Toyota GR86 Cup,2024,Mainline,HW J-Imports,New for 2024!,null,https://static.wikia.nocookie.net/hotwheels/images/6/6e/ToyotaGR86Cup.jpg
204,HTC23,Lamborghini Sesto Elemento,2024,Mainline,HW Exotics,null,null,https://static.wikia.nocookie.net/hotwheels/images/3/3f/LamborghiniSesto.jpg
204,HTF55,Lamborghini Sesto Elemento (2nd Color - Zamac),2024,Mainline,HW Exotics,Walmart Exclusive,null,https://static.wikia.nocookie.net/hotwheels/images/0/01/2024_%28-12%29_Lamborghini_Sesto_Elemento_%28-204%29_%28Zamac%29.jpg
205,HRY83,Pagani Utopia,2024,Mainline,HW Exotics,New for 2024!,null,https://static.wikia.nocookie.net/hotwheels/images/7/77/PaganiUtopia.jpg
206,HTC60,'77 Pontiac Firebird T/A,2024,Mainline,Muscle Mania,null,null,https://static.wikia.nocookie.net/hotwheels/images/3/36/1977PontiacFirebird.jpg
206,HTF40,'77 Pontiac Firebird T/A (Super Treasure Hunt),2024,Mainline,Muscle Mania,null,null,https://static.wikia.nocookie.net/hotwheels/images/7/78/Pontiac_firebird.jpg
207,HTC67,Chevy Silverado,2024,Mainline,Then and Now,null,null,https://static.wikia.nocookie.net/hotwheels/images/e/e0/HTC67_-_Chevy_Silverado.jpg
208,HTC68,Deora II,2024,Mainline,Then and Now,null,null,https://static.wikia.nocookie.net/hotwheels/images/0/00/TekuDeoraII.jpeg
209,HRY58,Honda S800 Racing,2024,Mainline,HW Race Day,New for 2024!,null,https://static.wikia.nocookie.net/hotwheels/images/9/9f/HondaS800Racing.jpg
210,HTB07,'99 Ford F-150 SVT Lightning,2024,Mainline,HW: The '90s,null,null,https://static.wikia.nocookie.net/hotwheels/images/9/90/Ford_F-150_SVT_Light-99_hw.jpg
211,HTB08,'96 Nissan 180SX Type X,2024,Mainline,HW: The '90s,null,null,https://static.wikia.nocookie.net/hotwheels/images/a/a8/HTB08-LOOSE.jpg
211,HTF41,'96 Nissan 180SX Type X (Super Treasure Hunt),2024,Mainline,HW: The '90s,null,null,https://static.wikia.nocookie.net/hotwheels/images/4/47/Nissan_180SX_hw_TH.jpg
212,HTB28,Dune Daddy,2024,Mainline,HW Dirt,null,null,https://static.wikia.nocookie.net/hotwheels/images/b/bd/DirtDaddy.jpg
213,HRY85,Nissan Skyline 2000GT-R LBWK,2024,Mainline,Tooned,New for 2024!,null,https://static.wikia.nocookie.net/hotwheels/images/0/03/%27ToonedKenmeri.jpg
214,HTB48,Quick Bite,2024,Mainline,Fast Foodie,null,null,https://static.wikia.nocookie.net/hotwheels/images/e/e2/MilkBite.jpg
215,HTB54,'49 Drag Merc,2024,Mainline,HW Rolling Metal,null,null,https://static.wikia.nocookie.net/hotwheels/images/2/28/1949MercuryEight.jpg
216,HTF26,Hot Wheels Ford Transit Connect,2024,Mainline,HW Vans,Treasure Hunt,null,https://static.wikia.nocookie.net/hotwheels/images/f/f3/FordTransitFlowerVan.jpg
217,HRY81,Ravenger S/T,2024,Mainline,HW Track Champs,New for 2024!,null,https://static.wikia.nocookie.net/hotwheels/images/c/c1/RavengerST.jpg
218,HTC24,'92 Dodge Viper RT/10,2024,Mainline,HW Exotics,null,null,https://static.wikia.nocookie.net/hotwheels/images/d/d1/1992DodgeViper.jpg
219,HRY86,Aston Martin DB4GT High-Speed Edition,2024,Mainline,Muscle Mania,New for 2024!,null,https://static.wikia.nocookie.net/hotwheels/images/e/eb/AstonMartinDB4Racer.jpg
220,HTC69,'67 Ford GT40 Mk.IV,2024,Mainline,Then and Now,null,null,https://static.wikia.nocookie.net/hotwheels/images/4/45/FordMark4.jpg
220,HTF56,'67 Ford GT40 Mk.IV (2nd Color - Zamac),2024,Mainline,Then and Now,Walmart Exclusive,null,https://hwheadline.com/content/images/2024/11/24-Zamac-67-Ford-GT40-Mk-IV-2-1.jpg
221,HTC70,Deora III,2024,Mainline,Then and Now,null,null,https://static.wikia.nocookie.net/hotwheels/images/9/9e/24DeoraIII.jpeg
222,HRY87,Lamborghini Hurac√°n Sterrato,2024,Mainline,HW Dirt,New for 2024!,null,https://static.wikia.nocookie.net/hotwheels/images/1/1f/LamborghiniHurac%C3%A1nSterrato.jpg
223,HTB29,Hover Storm,2024,Mainline,HW Dirt,null,null,https://static.wikia.nocookie.net/hotwheels/images/c/cd/2024_Hover_Storm.jpeg
224,HTF27,'94 Toyota Supra,2024,Mainline,Tooned,null,null,https://static.wikia.nocookie.net/hotwheels/images/1/10/%27ToonedSlapJackSupra.jpg
225,HRY88,Sushi Tuner,2024,Mainline,Fast Foodie,New for 2024!,null,https://static.wikia.nocookie.net/hotwheels/images/5/5c/SushiTuner.jpg
226,HTB10,'91 GMC Syclone,2024,Mainline,HW: The '90s,null,null,https://static.wikia.nocookie.net/hotwheels/images/6/69/Chevy_Syclone_%28HW_The_%2890s%29._White.jpg
227,HRY57,VW T3 Custom,2024,Mainline,HW Vans,New for 2024!,null,https://static.wikia.nocookie.net/hotwheels/images/3/37/VWT3Custom.jpg
228,HRY92,Small Bloc,2024,Mainline,Tooned,New for 2024!,null,https://static.wikia.nocookie.net/hotwheels/images/9/90/SmallBloc.jpg
229,HTC71,2016 Ford GT Race,2024,Mainline,Then and Now,null,null,https://static.wikia.nocookie.net/hotwheels/images/6/6b/2016_Ford_GT_Race.jpg
230,HTB02,'59 Chevy Impala,2024,Mainline,HW Celebration Racers,Day of the Dead/Halloween,Treasure Hunt,https://static.wikia.nocookie.net/hotwheels/images/8/89/CelebrationImpala.jpg
231,HTB87,Celero GT,2024,Mainline,Quarter Mile Heroes,null,null,https://static.wikia.nocookie.net/hotwheels/images/6/61/CeleroGTRacer.jpg
231,HTF42,Celero GT (Super Treasure Hunt),2024,Mainline,Quarter Mile Heroes,null,null,https://static.wikia.nocookie.net/hotwheels/images/4/42/Tiaozi-%E5%A1%9E%E7%BD%97GT%E8%B6%85%E5%AE%9D.jpg
232,HTB09,Toyota Supra,2024,Mainline,HW: The '90s,null,null,https://static.wikia.nocookie.net/hotwheels/images/4/43/1994ToyotaSupraRZ.jpg
233,HTB30,HW Roll Cage,2024,Mainline,HW Dirt,null,null,https://static.wikia.nocookie.net/hotwheels/images/0/03/Roll_Cage_2024.jpg
234,HTB31,Tred Shredder,2024,Mainline,HW Dirt,null,null,https://static.wikia.nocookie.net/hotwheels/images/6/68/Thumbnail_PXL_20241116_194518602.jpg
235,HRY89,Gordon Murray Automotive T.50s,2024,Mainline,HW Exotics,New for 2024!,null,https://static.wikia.nocookie.net/hotwheels/images/e/ec/GMAT.50S.jpg
236,HTF28,DMC DeLorean,2024,Mainline,HW Rolling Metal,Treasure Hunt,null,https://static.wikia.nocookie.net/hotwheels/images/4/48/RollingDeLorean.jpg
237,HTB86,Retro-Active,2024,Mainline,Quarter Mile Heroes,null,null,https://static.wikia.nocookie.net/hotwheels/images/c/cc/2024_Retro-Active.jpg
238,HRY91,Tesla Model S Plaid,2024,Mainline,Quarter Mile Heroes,New for 2024!,null,https://static.wikia.nocookie.net/hotwheels/images/e/eb/TeslaModelSPlaid.jpg
239,HTC25,Lamborghini Hurac√°n LP 620-2 Super Trofeo,2024,Mainline,HW Exotics,null,null,https://static.wikia.nocookie.net/hotwheels/images/0/0d/LamborghiniHurac%C3%A1nST.jpg
239,HTF43,Lamborghini Hurac√°n LP 620-2 Super Trofeo (Super Treasure Hunt),2024,Mainline,HW Exotics,null,null,https://images.collecthw.com/aa3dfad6-8159-4fb2-acb7-6ca9b0b27f00_large.jpg
240,HTC26,'17 Ford GT,2024,Mainline,HW Exotics,null,null,https://static.wikia.nocookie.net/hotwheels/images/1/10/2017FordGTCoupe.jpg
241,HTC27,Dodge Viper SRT10 ACR,2024,Mainline,HW Exotics,null,null,https://static.wikia.nocookie.net/hotwheels/images/d/d4/DodgeACR.jpg
242,HTC72,LB-Silhouette WORKS GT Nissan 35GT-RR VER.2,2024,Mainline,Then and Now,null,null,https://static.wikia.nocookie.net/hotwheels/images/d/d8/LBGT-R.jpg
243,HTB11,McLaren F1,2024,Mainline,HW: The '90s,null,null,https://static.wikia.nocookie.net/hotwheels/images/a/a2/1996McLarenF1.jpg
244,HTB12,'98 Subaru Impreza 22B STi-Version,2024,Mainline,HW: The '90s,null,null,https://static.wikia.nocookie.net/hotwheels/images/3/34/GravelCrew22B.jpg
244,HYYxx,'98 Subaru Impreza 22B STi-Version (2nd Color),2024,Mainline,HW: The '90s,null,null,null
245,HTF29,Porsche 928S Safari,2024,Mainline,HW Dirt,Treasure Hunt,null,https://static.wikia.nocookie.net/hotwheels/images/2/24/1977Porsche928Safari.jpg
246,HTB55,Tesla Cybertruck,2024,Mainline,HW Rolling Metal,null,null,https://static.wikia.nocookie.net/hotwheels/images/9/95/HTB55.jpg
247,HRY94,Hi-Roller II,2024,Mainline,HW Rolling Metal,New for 2024!,null,https://static.wikia.nocookie.net/hotwheels/images/4/42/Hi-RollerII.jpg
248,HTB95,Dodge Van,2024,Mainline,HW Vans,null,null,https://static.wikia.nocookie.net/hotwheels/images/7/7f/DodgeRamVanRacing.jpg
248,HYYxx,Dodge Van (2nd Color),2024,Mainline,HW Vans,null,null,null
249,HTC73,'83 Chevy Silverado,2024,Mainline,Then and Now,null,null,https://static.wikia.nocookie.net/hotwheels/images/6/6e/1983ChevroletSilverado.jpg
249,HTF44,'83 Chevy Silverado (Super Treasure Hunt),2024,Mainline,Then and Now,null,null,https://static.wikia.nocookie.net/hotwheels/images/2/2c/Silverado_sth.jpg
249,HYYxx,'83 Chevy Silverado (2nd Color),2024,Mainline,Then and Now,null,null,https://1stationhub.com.my/cdn/shop/files/HOTWHEELS_HW_ART_CARS_67_CHEVY_C10_RED_2_1024x1024.jpg
250,HRY93,Ford Mustang Dark Horse,2024,Mainline,Then and Now,New for 2024!,null,https://static.wikia.nocookie.net/hotwheels/images/5/57/FordMustangDarkHorse.jpg
